{
  "generated_at_utc": "2026-04-17T18:22:55.575029+00:00",
  "dataset_overview": {
    "players_clean_shape": {
      "rows": 20621,
      "columns": 16
    },
    "model_ready_shape": {
      "rows": 20621,
      "columns": 19
    }
  },
  "missingness": {
    "players_clean": {
      "total_nulls": 0,
      "overall_null_share": 0.0,
      "columns_with_nulls": {}
    },
    "model_ready": {
      "total_nulls": 0,
      "overall_null_share": 0.0,
      "columns_with_nulls": {}
    }
  },
  "numeric_summary": {
    "players_clean": {
      "age": {
        "count": 20621,
        "mean": 25.073905242228797,
        "std": 4.823808197797551,
        "min": 16.0,
        "p25": 21.0,
        "p50": 25.0,
        "p75": 29.0,
        "max": 44.0,
        "skew": 0.439043973890731
      },
      "overall": {
        "count": 20621,
        "mean": 65.41486833810194,
        "std": 6.845381889902146,
        "min": 46.0,
        "p25": 61.0,
        "p50": 65.0,
        "p75": 70.0,
        "max": 91.0,
        "skew": 0.08253297057898556
      },
      "potential": {
        "count": 20621,
        "mean": 70.56864361573153,
        "std": 6.173580663098154,
        "min": 48.0,
        "p25": 66.0,
        "p50": 70.0,
        "p75": 75.0,
        "max": 95.0,
        "skew": 0.17763552168532834
      },
      "market_value_eur": {
        "count": 20621,
        "mean": 2413590.756995296,
        "std": 5157375.936633395,
        "min": 80000.0,
        "p25": 475000.0,
        "p50": 925000.0,
        "p75": 1900000.0,
        "max": 35000000.0,
        "skew": 4.526940737318955
      },
      "pace": {
        "count": 20621,
        "mean": 68.30182823335434,
        "std": 10.159521583748418,
        "min": 28.0,
        "p25": 63.0,
        "p50": 69.0,
        "p75": 75.0,
        "max": 97.0,
        "skew": -0.6337397500329803
      },
      "shooting": {
        "count": 20621,
        "mean": 52.752485330488334,
        "std": 12.977367236247247,
        "min": 16.0,
        "p25": 44.0,
        "p50": 55.0,
        "p75": 62.0,
        "max": 91.0,
        "skew": -0.3771745817246041
      },
      "passing": {
        "count": 20621,
        "mean": 57.28858930216769,
        "std": 9.323488077187154,
        "min": 25.0,
        "p25": 52.0,
        "p50": 58.0,
        "p75": 63.0,
        "max": 93.0,
        "skew": -0.18990064044520255
      },
      "dribbling": {
        "count": 20621,
        "mean": 62.476068085931814,
        "std": 8.926104220042552,
        "min": 28.0,
        "p25": 58.0,
        "p50": 63.0,
        "p75": 68.0,
        "max": 94.0,
        "skew": -0.5256589210702652
      },
      "defending": {
        "count": 20621,
        "mean": 52.06653411570729,
        "std": 15.20482323545391,
        "min": 15.0,
        "p25": 40.0,
        "p50": 56.0,
        "p75": 63.0,
        "max": 90.0,
        "skew": -0.5396824341911526
      },
      "physic": {
        "count": 20621,
        "mean": 64.6951166286795,
        "std": 9.203150153983454,
        "min": 30.0,
        "p25": 59.0,
        "p50": 66.0,
        "p75": 71.0,
        "max": 90.0,
        "skew": -0.49494422103066166
      },
      "age_potential_gap": {
        "count": 20621,
        "mean": 5.153775277629601,
        "std": 5.412738587823031,
        "min": 0.0,
        "p25": 0.0,
        "p50": 4.0,
        "p75": 9.0,
        "max": 26.0,
        "skew": 0.8527417483085893
      },
      "is_at_peak": {
        "count": 20621,
        "mean": 0.34217545220891327,
        "std": 0.4744495002462271,
        "min": 0.0,
        "p25": 0.0,
        "p50": 0.0,
        "p75": 1.0,
        "max": 1.0,
        "skew": 0.6653599860940798
      },
      "value_per_rating": {
        "count": 20621,
        "mean": 32194.550863801633,
        "std": 62370.049692615015,
        "min": 1212.121212121212,
        "p25": 7421.875,
        "p50": 13888.888888888889,
        "p75": 26865.671641791047,
        "max": 437500.0,
        "skew": 4.327379131676081
      }
    },
    "model_ready": {
      "age": {
        "count": 20621,
        "mean": 25.073905242228797,
        "std": 4.823808197797551,
        "min": 16.0,
        "p25": 21.0,
        "p50": 25.0,
        "p75": 29.0,
        "max": 44.0,
        "skew": 0.439043973890731
      },
      "overall": {
        "count": 20621,
        "mean": 65.41486833810194,
        "std": 6.845381889902146,
        "min": 46.0,
        "p25": 61.0,
        "p50": 65.0,
        "p75": 70.0,
        "max": 91.0,
        "skew": 0.08253297057898556
      },
      "potential": {
        "count": 20621,
        "mean": 70.56864361573153,
        "std": 6.173580663098154,
        "min": 48.0,
        "p25": 66.0,
        "p50": 70.0,
        "p75": 75.0,
        "max": 95.0,
        "skew": 0.17763552168532834
      },
      "age_potential_gap": {
        "count": 20621,
        "mean": 5.153775277629601,
        "std": 5.412738587823031,
        "min": 0.0,
        "p25": 0.0,
        "p50": 4.0,
        "p75": 9.0,
        "max": 26.0,
        "skew": 0.8527417483085893
      },
      "is_at_peak": {
        "count": 20621,
        "mean": 0.34217545220891327,
        "std": 0.4744495002462271,
        "min": 0.0,
        "p25": 0.0,
        "p50": 0.0,
        "p75": 1.0,
        "max": 1.0,
        "skew": 0.6653599860940798
      },
      "pace": {
        "count": 20621,
        "mean": 68.30182823335434,
        "std": 10.159521583748418,
        "min": 28.0,
        "p25": 63.0,
        "p50": 69.0,
        "p75": 75.0,
        "max": 97.0,
        "skew": -0.6337397500329803
      },
      "shooting": {
        "count": 20621,
        "mean": 52.752485330488334,
        "std": 12.977367236247247,
        "min": 16.0,
        "p25": 44.0,
        "p50": 55.0,
        "p75": 62.0,
        "max": 91.0,
        "skew": -0.3771745817246041
      },
      "passing": {
        "count": 20621,
        "mean": 57.28858930216769,
        "std": 9.323488077187154,
        "min": 25.0,
        "p25": 52.0,
        "p50": 58.0,
        "p75": 63.0,
        "max": 93.0,
        "skew": -0.18990064044520255
      },
      "dribbling": {
        "count": 20621,
        "mean": 62.476068085931814,
        "std": 8.926104220042552,
        "min": 28.0,
        "p25": 58.0,
        "p50": 63.0,
        "p75": 68.0,
        "max": 94.0,
        "skew": -0.5256589210702652
      },
      "defending": {
        "count": 20621,
        "mean": 52.06653411570729,
        "std": 15.20482323545391,
        "min": 15.0,
        "p25": 40.0,
        "p50": 56.0,
        "p75": 63.0,
        "max": 90.0,
        "skew": -0.5396824341911526
      },
      "physic": {
        "count": 20621,
        "mean": 64.6951166286795,
        "std": 9.203150153983454,
        "min": 30.0,
        "p25": 59.0,
        "p50": 66.0,
        "p75": 71.0,
        "max": 90.0,
        "skew": -0.49494422103066166
      },
      "position_group_GK": {
        "count": 20621,
        "mean": 0.11207021967896805,
        "std": 0.31546047527512877,
        "min": 0.0,
        "p25": 0.0,
        "p50": 0.0,
        "p75": 0.0,
        "max": 1.0,
        "skew": 2.4596894958859568
      },
      "position_group_DEF": {
        "count": 20621,
        "mean": 0.33315552107075314,
        "std": 0.471353046026278,
        "min": 0.0,
        "p25": 0.0,
        "p50": 0.0,
        "p75": 1.0,
        "max": 1.0,
        "skew": 0.708007146246187
      },
      "position_group_MID": {
        "count": 20621,
        "mean": 0.3582270500945638,
        "std": 0.479490959315753,
        "min": 0.0,
        "p25": 0.0,
        "p50": 0.0,
        "p75": 1.0,
        "max": 1.0,
        "skew": 0.591405109236051
      },
      "position_group_ATT": {
        "count": 20621,
        "mean": 0.19654720915571505,
        "std": 0.39739660559484763,
        "min": 0.0,
        "p25": 0.0,
        "p50": 0.0,
        "p75": 0.0,
        "max": 1.0,